{
    "_ColorR": 1.0,
    "_ColorG": 1.0,
    "_ColorB": 1.0,
    "_RampLevels": 3.0,
    "_LightScalar": 3.009999990463257,
    "_HighColorR": 1.0,
    "_HighColorG": 0.66161048412323,
    "_HighColorB": 0.5896226167678833,
    "_HighIntensity": 1.9700000286102296,
    "_LowColorR": 0.5139909982681274,
    "_LowColorG": 0.4552331566810608,
    "_LowColorB": 0.5849056243896484,
    "_LowIntensity": 2.1700000762939455,
    "_OutlineColorR": 0.0,
    "_OutlineColorG": 0.0,
    "_OutlineColorB": 0.0,
    "_OutlineSize": 10.0,
    "_RimColorR": 1.0,
    "_RimColorG": 1.0,
    "_RimColorB": 1.0,
    "_RimAlpha": 0.0,
    "_RimPower": 0.0,
    "_RimDropOff": 0.0,
    "_FresnelColorR": 1.0,
    "_FresnelColorG": 1.0,
    "_FresnelColorB": 1.0,
    "_FresnelBrightness": 0.0,
    "_FresnelPower": 0.0,
    "_FresnelShadowDropoff": 0.0,
    "_GradYCap": 0.0,
    "_GradIntensity": 0.0
}